1,testUser,password
1,testUser,password
1,testUser,password
1,testUser,password
1,testUser,password
1,testUser,password
1,testUser,password
1,testUser,password
1,testUser,password
1,testUser,password
1,testUser,password
1,testUser,password
1,testUser,password
1,testUser,password
1,testUser,password
1,testUser,password
1,testUser,password
1,testUser,password
1,testUser,password
1,testUser,password
1,testUser,password
1,testUser,password
1,testUser,password
1,testUser,password
1,testUser,password
1,testUser,password
1,testUser,password
1,testUser,password
1,testUser,password
1,testUser,password
1,testUser,password
1,testUser,password
1,testUser,password
1,testUser,password
1,testUser,password
1,testUser,password
1,testUser,password
1,testUser,password
1,testUser,password
1,testUser,password
1,testUser,password
1,testUser,password
1,testUser,password
1,testUser,password
1,testUser,password
1,testUser,password
1,testUser,password
1,testUser,password
1,testUser,password
1,testUser,password
